{
  "roc_auc": 0.9997894736842106,
  "f1": 0.7633587786259542
}